INSERT INTO darbinieki (vards, uzvards, darba_telefona_numurs, konta_parole) VALUES
	('Aivars', 'Kārkliņš', '28371432', '2c2b6b9d9c8ddc593f2463c3e3d3f4218bea20b141dc2a862ee2129f9d8dce83'),
	('Zane', 'Ziemele', '29255311', '72c4f7de1c9e9b8f52f085f794b4271c94a5d09ecf22d86106f5c5b5b1d5d5dc'),
	('Andris', 'Līdaks', '25708099', 'df6936b3ce98fbf9a7408d6f7da236c13f7560988d1a17c9005267dc2a33227f'),
	('Liene', 'Stūre', '22066210', '4134c4d4d1a7cb1bb0a4f8a0ec9e9b36a1b0f6b8c0be08d8709817f6e02e237'),
	('Aija', 'Ozoliņa', '22144060', '6a2005a26f3c3eaf6b8c49247f9b65e7c6aee1b15c5d420cd4066a3f3d11b371'),
	('Māris', 'Kokins', '25122873', '23bfc424101d44e7bfc0c6a7d0d1b8a09f6ecf88c797f9b6231f5761ab714e2e'),
	('Inga', 'Jēkabsone', '27065159', 'a1e9e2b93587af4204c1b3034e4dab4d4b78523302b6c5d6b5a6d1e6b131c6a5'),
	('Uldis', 'Balodis', '25581022', '9a7b8e2a64a56b72bbf15d558f4e4d036b2387c617e1a13e7b51fbecfec2883e'),
	('Anita', 'Vilciņa', '27279877', '2d542da7a8d24619b94e722cc0dc77e7d8cf1e70a7df356dc799752b9fda9608'),
	('Gints', 'Šmits', '29375680', 'c1b1997dc72c70f9a90f51ce64ec22a7f3ef80c1e7d8a2e03f3aa3cfaa9dc98a'),
	('Ilze', 'Āboliņa', '22792146', '67b957a6b05905e9d9d8e1b2a1f53c536f67d56d92cfd73b193736a16517476a'),
	('Maija', 'Briede', '29934862', '9c1282edab7dbdce13b057bb7b8a8b3291ba86f06c95de72d2a8bdc76cc0f4b4'),
	('Andris', 'Dzērve', '29322363', 'fbdd00e7420ca7c55d88db1e7d800abf8a1937f1d2db48c08721c032df02f559'),
	('Liene', 'Ozoliņa', '23426978', 'd44b1e7d5413a6a16e6bde28b51d57dc3e2b9f32fbb99d832a87c3151f3a6fd3'),
	('Artis', 'Kalniņš', '29993771', 'd99aef7495b18d28c79c07f6a83636df7f0dfe28341ed822f55e16d1b0c05119'),
	('Inga', 'Liepa', '25568192', 'd9f9ab7c1a2d721db7c8650112e74cc7c945cc4a56323a4d91b3e4627f4653d4'),
	('Gatis', 'Jansons', '21808707', 'a267b19d92b8a616b1cf7d97e784c0a83a73a356b0f4dd4f4c1a4e8f3a3a0be6'),
	('Laima', 'Karklina', '26609072', 'c07393ce36c6355c7aa9b5f3598d7e0e438070b7fb20c5c5bf4d2914da0a1937'),
	('Māris', 'Saulītis', '27159956', '83115e8d03c6bbd4236a520ec6f2149a3f017c3a247607c930f6d0038126ce2d'),
	('Zane', 'Zariņa', '28732308', '30a441ae55666f7a50a5ba5e5e5d5f5de5d5e5f5a5d5f5d5f5d5f5a5d5f5d5f'),
	('Agnese', 'Priedīte', '25987019', '7ed1aa4093a44d4cc361aa4f2a28a9e14d45db7e63494c07ecfac7f1fa54c5a5'),
	('Linda', 'Ozola', '26275923', 'd95535a8b27dd51b2e2ed674d011dc60c5461e9eb9a54efc30f6ebc56de359a7'),
	('Jānis', 'Liepa', '28624646', 'ac1df3c1a7a3e13b2eb7e61c2d2d2f89b431a35b9bc820b04a446ee1e34d910c'),
	('Līga', 'Zvaigzne', '27550478', '4d4e4b4d4e4b4d4e4b4d4e4b4d4e4b4d4e4b4d4e4b4d4e4b4d4e4b4d4e4b4d4e'),
	('Marta', 'Dzintare', '24126369', '9392d86aa1af3fc3c9fc9f7e13c026b56d7dd85c981f1da7d1ee960054ba49e8'),
	('Juris', 'Pētersone', '28674001', '4225dd5e88d56f9461e09a3bcb9aa9f0ed7e00d24ee95c7da1f0daa84b7ba147'),
	('Ieva', 'Kalniņa', '21025820', '695c8ed573e443674d6b038f92520a2eb8b9f9b57e23c1311f1973a8baf905a3'),
	('Kaspars', 'Bērziņš', '23511794', '970f15b8df69b290d831dbd11ddaf729e1d71ee9e9c4f4d4b4c4e4b4c4e4b4c'),
	('Maija', 'Kokoreviča', '27473687', 'e7da605da239f10d7d72eaf385dd85f50a4689ec034ab79c5d5e5d5f5d5f5d5f'),
	('Pēteris', 'Ozols', '23004403', 'c20bb9f9d230a423c2a70b3f3b203d7ba24f183e23215ed12c32abbd1d456f11'),
	('Linda', 'Āboliņa', '25377750', '39f3291680b48a9bfb1d950c025155ae36c89e8d5087d1e838b45de7f7089406'),
	('Uģis', 'Zariņš', '22505606', '5c2016c6913171202c3a3fa5f5d5e5f5a5d5f5d5f5d5f5d5f5d5f5d5f5d5f5d'),
	('Kristīne', 'Bērziņa', '23981387', 'ec0b1184c4f8db9bba6d0c6f95bf73cdd1f88d556f223afe2c12eaa85f51dfde'),
	('Gundars', 'Zviedris', '24103647', '76a68992fa80af3f90c250e2d76be2922930341c53b1aa41402bbecb65eb85b5'),
	('Liene', 'Pūce', '23877194', 'b879f48b176cb8d50ed88a2c2e949cc60c87a8b9a1df617d5e5d5f5d5f5d5f5d'),
	('Dace', 'Riekstiņa', '22432647', '5f5e5d5c5b5a5958373736353433323130323131303130323131303130323131'),
	('Gatis', 'Saulīte', '21599865', '6f6e6d6c6b6a696867666564636261605f5e5d5c5b5a59583737363534333231'),
	('Silvija', 'Ozola', '20999369', '75747e7c7b7a787774737271706f6e6d6c6b6a696867666564636261605f5e5d'),
	('Andris', 'Jansons', '27103559', '5f5d5b5a5857565554535251504f4e4d4c4b4a494847464544434241403f3e3d'),
	('Maija', 'Briede', '25452876', '4e4d4c4b4a494847464544434241403f3e3d3c3b3a3938373635343332313030'),
	('Oskars', 'Kronbergs', '25744332', '2c2d2e2f303132333435363738393a3b3c3d3e3f404142434445464748494a4b'),
	('Dace', 'Pakalne', '20911100', '414241404142434445464748494a4b4c4d4e4f505152535455565758595a5b5c');

INSERT INTO nodalas (nodalas_nosaukums, prieksnieka_id) VALUES
	('Datorikas nodaļa', 1000),
	('Mākslīgā intelekta nodaļa', 1001),
	('Drošības nodaļa', 1002),
	('Sistēmu pārvaldības nodaļa', 1003),
	('Tīmekļa tehnoloģiju nodaļa', 1004),
	('Mobilās lietotņu nodaļa', 1005),
	('Datu analīzes nodaļa', 1006),
	('Programmatūras inženierijas nodaļa', 1007),
	('E-pakalpojumu nodaļa', 1008),
	('Infrastruktūras nodaļa', 1009),
	('Telekomunikāciju nodaļa', 1010),
	('Lietotņu nodaļa', 1011),
	('Grafiskās lietojumprogrammas nodaļa', 1012),
	('Mājaslapu izstrādes nodaļa', 1013),
	('E-komercijas nodaļa', 1014),
	('Biznesa sistēmu nodaļa', 1015),
	('IT konsultāciju nodaļa', 1015),
	('Datubāzu pārvaldības nodaļa', 1017),
	('Lietotāju atbalsta nodaļa', 1018),
	('Produkta izstrādes nodaļa', 1019),
	('Lietotāja pieredzes nodaļa', 1020),
	('Mācību kursu nodaļa', 1021),
	('Projektu vadības nodaļa', 1022),
	('Programmēšanas nodaļa', 1023),
	('Finanšu lietojumprogrammu nodaļa', 1024),
	('Pieņemšanas nodaļa', 1025),
	('Saturu pārvaldības nodaļa', 1026),
	('Sistēmu integrācijas nodaļa', 1027),
	('Interneta mārketinga nodaļa', 1007),
	('Dataprotekcijas nodaļa', 1029),
	('Mācību programmu nodaļa', 1030),
	('Programmu uzstādīšanas un konfigurēšanas nodaļa', 1031),
	('Augstas pievienotās vērtības programmu nodaļa', 1032);

INSERT INTO nodalas_darbinieki (darbinieka_id, nodalas_nosaukums) VALUES 
	(1000, 'Datorikas nodaļa'),
	(1001, 'Mākslīgā intelekta nodaļa'),
	(1002, 'Drošības nodaļa'),
	(1003, 'Sistēmu pārvaldības nodaļa'),
	(1004, 'Tīmekļa tehnoloģiju nodaļa'),
	(1005, 'Mobilās lietotņu nodaļa'),
	(1006, 'Datu analīzes nodaļa'),
	(1007, 'Programmatūras inženierijas nodaļa'),
	(1008, 'E-pakalpojumu nodaļa'),
	(1009, 'Infrastruktūras nodaļa'),
	(1010, 'Telekomunikāciju nodaļa'),
	(1011, 'Lietotņu nodaļa'),
	(1012, 'Grafiskās lietojumprogrammas nodaļa'),
	(1013, 'Mājaslapu izstrādes nodaļa'),
	(1014, 'E-komercijas nodaļa'),
	(1015, 'Biznesa sistēmu nodaļa'),
	(1016, 'IT konsultāciju nodaļa'),
	(1017, 'Datubāzu pārvaldības nodaļa'),
	(1018, 'Lietotāju atbalsta nodaļa'),
	(1019, 'Produkta izstrādes nodaļa'),
	(1020, 'Lietotāja pieredzes nodaļa'),
	(1021, 'Mācību kursu nodaļa'),
	(1022, 'Projektu vadības nodaļa'),
	(1023, 'Programmēšanas nodaļa'),
	(1024, 'Finanšu lietojumprogrammu nodaļa'),
	(1025, 'Pieņemšanas nodaļa'),
	(1026, 'Saturu pārvaldības nodaļa'),
	(1027, 'Sistēmu integrācijas nodaļa'),
	(1028, 'Interneta mārketinga nodaļa'),
	(1029, 'Dataprotekcijas nodaļa'),
	(1030, 'Mācību programmu nodaļa'),
	(1031, 'Programmu uzstādīšanas un konfigurēšanas nodaļa'),
	(1032, 'Augstas pievienotās vērtības programmu nodaļa'),
	(1032, 'Dataprotekcijas nodaļa'),
    (1033, 'Mācību programmu nodaļa'),
    (1034, 'Programmu uzstādīšanas un konfigurēšanas nodaļa'),
    (1035, 'Augstas pievienotās vērtības programmu nodaļa'),
    (1036, 'Datorikas nodaļa'),
    (1037, 'Mākslīgā intelekta nodaļa'),
    (1038, 'Drošības nodaļa'),
    (1039, 'Sistēmu pārvaldības nodaļa'),
    (1040, 'Tīmekļa tehnoloģiju nodaļa'),
    (1041, 'Mobilās lietotņu nodaļa');	


INSERT INTO amati (amata_id, amata_nosaukums, nodalas_nosaukums) VALUES 
	(10000, 'Datorikas inženieris', 'Datorikas nodaļa'),
	(10001, 'Mākslīgā intelekta inženieris', 'Mākslīgā intelekta nodaļa'),
	(10002, 'Drošības speciālists', 'Drošības nodaļa'),
	(10003, 'Sistēmu pārvaldības inženieris', 'Sistēmu pārvaldības nodaļa'),
	(10004, 'Tīmekļa tehnoloģiju inženieris', 'Tīmekļa tehnoloģiju nodaļa'),
	(10005, 'Mobilās lietotņu inženieris', 'Mobilās lietotņu nodaļa'),
	(10006, 'Datu analītiķis', 'Datu analīzes nodaļa'),
	(10007, 'Programmatūras inženieris', 'Programmatūras inženierijas nodaļa'),
	(10008, 'E-pakalpojumu inženieris', 'E-pakalpojumu nodaļa'),
	(10009, 'Infrastruktūras inženieris', 'Infrastruktūras nodaļa'),
	(10010, 'Telekomunikāciju inženieris', 'Telekomunikāciju nodaļa'),
	(10011, 'Lietotņu inženieris', 'Lietotņu nodaļa'),
	(10012, 'Grafiskās lietojumprogrammas inženieris', 'Grafiskās lietojumprogrammas nodaļa'),
	(10013, 'Mājaslapu izstrādātājs', 'Mājaslapu izstrādes nodaļa'),
	(10014, 'E-komercijas inženieris', 'E-komercijas nodaļa'),
	(10015, 'Biznesa sistēmu inženieris', 'Biznesa sistēmu nodaļa'),
	(10016, 'IT konsultants', 'IT konsultāciju nodaļa'),
	(10017, 'Datubāzu administratoris', 'Datubāzu pārvaldības nodaļa'),
	(10018, 'Lietotāju atbalsta speciālists', 'Lietotāju atbalsta nodaļa'),
	(10019, 'Produkta inženieris', 'Produkta izstrādes nodaļa'),
	(10020, 'Lietotāja pieredzes dizainers', 'Lietotāja pieredzes nodaļa'),
	(10021, 'Mācību kursu izstrādātājs', 'Mācību kursu nodaļa'),
	(10022, 'Sistēmu inženieris', 'Infrastruktūras nodaļa'),
	(10023, 'Tīmekļa izstrādātājs', 'Tīmekļa tehnoloģiju nodaļa'),
	(10024, 'Mobilās lietotņu izstrādātājs', 'Mobilās lietotņu nodaļa'),
	(10025, 'Drošības speciālists', 'Drošības nodaļa'),
	(10026, 'Datu bāzu pārvaldnieks', 'Datubāzu pārvaldības nodaļa'),
	(10027, 'Lietotāju atbalsta speciālists', 'Lietotāju atbalsta nodaļa'),
	(10028, 'Produkta menedžeris', 'Produkta izstrādes nodaļa'),
	(10029, 'UX dizainers', 'Lietotāja pieredzes nodaļa'),
	(10030, 'Projektu vadītājs', 'Projektu vadības nodaļa'),
	(10031, 'Programmētājs', 'Programmēšanas nodaļa');

	
INSERT INTO darba_liguma_stavokli (stavokla_kods, stavoklis) VALUES
	(1, 'Aktīvs'),
	(2, 'Beigušies darba pienākumi'),
	(3, 'Beidzās līguma termiņš'),
	(4, 'Atvaļinājumā'),
	(5, 'Slimības lapa'),
	(6, 'Bērna kopšanas atvaļinājumā'),
	(7, 'Prakse'),
	(8, 'Anulēts');

-- One more table here darba_ligumi_amati

-- REDO those to be consequtive

INSERT INTO darba_ligumi (darba_sakums, darba_beigas, stundas_likme, darbinieka_id, stavokla_kods) VALUES
	('2020-10-23', '2023-08-08', 15.50, 1000, 1),
	('2019-06-07', NULL, 16.00, 1001, 1),
	('2022-01-30', '2022-06-30', 18.25, 1002, 2),
	('2023-03-18', '2023-08-03', 20.00, 1003, 3),
	('2019-09-01', NULL, 21.75, 1004, 1),
	('2021-04-22', NULL, 14.50, 1005, 8),
	('2023-01-12', NULL, 17.00, 1006, 1),
	('2019-11-17', '2021-06-30', 19.50, 1007, 3),
	('2020-08-08', '2022-05-15', 13.75, 1008, 2),
	('2021-02-20', '2022-12-31', 16.25, 1009, 3),
	('2022-07-05', '2023-07-31', 14.75, 1010, 1),
	('2020-12-11', '2021-12-31', 19.00, 1011, 3),
	('2022-02-09', '2022-09-30', 22.00, 1012, 3),
	('2020-03-02', '2021-11-30', 23.50, 1013, 1),
	('2021-09-25', '2022-05-31', 24.75, 1014, 3),
	('2023-02-16', '2023-03-31', 16.50, 1015, 3),
	('2023-03-13', '2023-08-31', 14.00, 1019, 1),
	('2020-12-01', '2021-12-31', 13.50, 1020, 3),
	('2019-08-18', '2022-02-28', 17.50, 1021, 3),
	('2023-05-08', '2023-08-08', 12.34, 1022, 1),
	('2023-03-08', '2023-09-03', 11.25, 1023, 1),
	('2022-10-17', '2022-12-17', 10.76, 1024, 3),
	('2020-07-21', '2020-12-18', 9.99, 1025, 3),
	('2022-05-01', '2022-08-01', 13.50, 1026, 1),
	('2019-11-22', '2020-04-22', 8.75, 1027, 3),
	('2019-06-17', '2019-09-17', 12.00, 1028, 1),
	('2019-10-15', '2020-01-15', 10.50, 1029, 3),
	('2019-12-20', '2025-05-20', 14.50, 1030, 1),
	('2023-01-02', '2024-04-02', 15.50, 1031, 1),
	('2020-05-02', '2020-08-02', 11.25, 1032, 3),
	('2023-03-01', '2023-08-01', 12.00, 1033, 1),
	('2021-01-15', '2023-09-15', 10.00, 1034, 1),
	('2020-11-01', '2021-02-01', 13.25, 1035, 3),
	('2021-08-20', '2022-01-20', 11.50, 1036, 3),
	('2023-05-07', NULL, 14.00, 1037, 1),
	('2022-07-01', NULL, 12.50, 1038, 1),
	('2020-03-02', NULL, 15.25, 1039, 1),
	('2023-02-15', NULL, 10.75, 1040, 1),
	('2021-11-11', NULL, 12.25, 1041, 1),
	('2023-06-01', NULL, 9.75, 1015, 1),
	('2022-12-10', NULL, 13.75, 1012, 1),
	('2022-02-03', NULL, 11.50, 1011, 1),
	('2022-12-17', '2024-03-08', 8.50, 1005, 3),
	('2020-08-08', '2023-08-03', 8.50, 1032, 1),
	('2023-07-29', '2024-10-15', 8.50, 1002, 1),
	('2019-12-28', '2023-12-12', 8.50, 1000, 8),
	('2012-10-15', '2023-06-12', 8.50, 1007, 4),
	('2022-12-20', '2025-09-01', 8.50, 1009, 1),
	('2019-11-07', '2022-06-30', 8.50, 1022, 8),
	('2023-02-25', '2024-06-30', 8.50, 1003, 1),
	('2022-12-17', '2023-12-14', 9.00, 1014, 1);

INSERT INTO nodalas_amati (nodalas_nosaukums, amata_id) VALUES
	('Datorikas nodaļa', 10000),
	('Datorikas nodaļa', 10001),
	('Datorikas nodaļa', 10008),
	('Mākslīgā intelekta nodaļa', 10001),
	('Mākslīgā intelekta nodaļa', 10003),
	('Mākslīgā intelekta nodaļa', 10004),
	('Drošības nodaļa', 10002),
	('Drošības nodaļa', 10003),
	('Sistēmu pārvaldības nodaļa', 10006),
	('Sistēmu pārvaldības nodaļa', 10009),
	('Sistēmu pārvaldības nodaļa', 10016),
	('Sistēmu pārvaldības nodaļa', 10022),
	('Tīmekļa tehnoloģiju nodaļa', 10004),
	('Tīmekļa tehnoloģiju nodaļa', 10006),
	('Tīmekļa tehnoloģiju nodaļa', 10007),
	('Tīmekļa tehnoloģiju nodaļa', 10008),
	('Tīmekļa tehnoloģiju nodaļa', 10011),
	('Mobilās lietotņu nodaļa', 10011),
	('Mobilās lietotņu nodaļa', 10013),
	('Mobilās lietotņu nodaļa', 10029),
	('Mobilās lietotņu nodaļa', 10027),
	('Datu analīzes nodaļa', 10006),
	('Datu analīzes nodaļa', 10007),
	('Datu analīzes nodaļa', 10008),
	('Datu analīzes nodaļa', 10021),
	('Programmatūras inženierijas nodaļa', 10007),
	('Programmatūras inženierijas nodaļa', 10011),
	('Programmatūras inženierijas nodaļa', 10019),
	('Programmatūras inženierijas nodaļa', 10021),
	('E-pakalpojumu nodaļa', 10008),
	('Infrastruktūras nodaļa', 10009),
	('Telekomunikāciju nodaļa', 10010),
	('Lietotņu nodaļa', 10011),
	('Lietotņu nodaļa', 10012),
	('Lietotņu nodaļa', 10013),
	('Grafiskās lietojumprogrammas nodaļa', 10012),
	('Mājaslapu izstrādes nodaļa', 10014),
	('Mājaslapu izstrādes nodaļa', 10015),
	('Mājaslapu izstrādes nodaļa', 10016),
	('E-komercijas nodaļa', 10014),
	('Biznesa sistēmu nodaļa', 10015),
	('IT konsultāciju nodaļa', 10016),
	('IT konsultāciju nodaļa', 10017),
	('IT konsultāciju nodaļa', 10018),
	('Datubāzu pārvaldības nodaļa', 10017),
	('Lietotāju atbalsta nodaļa', 10018),
	('Produkta izstrādes nodaļa', 10019),
	('Lietotāja pieredzes nodaļa', 10020),
	('Mācību kursu nodaļa', 10021),
	('Projektu vadības nodaļa', 10022),
	('Programmēšanas nodaļa', 10023),
	('Finanšu lietojumprogrammu nodaļa', 10024),
	('Pieņemšanas nodaļa', 10025),
	('Saturu pārvaldības nodaļa', 10026),
	('Sistēmu integrācijas nodaļa', 10027),
	('Interneta mārketinga nodaļa', 10028),
	('Dataprotekcijas nodaļa', 10029),
	('Mācību programmu nodaļa', 10030),
	('Programmu uzstādīšanas un konfigurēšanas nodaļa', 10031);

INSERT INTO darba_ligumi_amati (darba_liguma_numurs, amata_id) VALUES
    (3000, 10000),
    (3000, 10001),
    (3001, 10029),
    (3002, 10002),
    (3002, 10003),
    (3003, 10016),
    (3004, 10008),
    (3005, 10005),
    (3005, 10006),
    (3006, 10007),
    (3006, 10008),
    (3007, 10008),
    (3008, 10014),
    (3009, 10009),
    (3010, 10026),
    (3011, 10015),
    (3012, 10012),
    (3013, 10022),
    (3014, 10014),
    (3015, 10015),
    (3016, 10027),
    (3017, 10018),
    (3018, 10020),
    (3019, 10023),
    (3020, 10001),
    (3020, 10007),
    (3020, 10011),
    (3020, 10012),
    (3020, 10015),
    (3020, 10017),
    (3020, 10021),
    (3020, 10023),
    (3021, 10024),
    (3022, 10022),
    (3023, 10017),
    (3024, 10023),
    (3025, 10028),
    (3026, 10029),
    (3027, 10020),
    (3028, 10008),
    (3029, 10031),
    (3029, 10029),
    (3030, 10020),
    (3031, 10008),
    (3032, 10029),
    (3032, 10015),
    (3033, 10000),
    (3034, 10001),
    (3035, 10002),
    (3036, 10003),
    (3037, 10008),
    (3038, 10005),
    (3038, 10030),
    (3039, 10015),
    (3040, 10012),
    (3041, 10011),
    (3042, 10005),
    (3042, 10011),
    (3043, 10031),
    (3043, 10029),
    (3044, 10002),
    (3045, 10000),
    (3046, 10007),
    (3047, 10009),
    (3048, 10023),
    (3049, 10003),
    (3050, 10014);
   
   
INSERT INTO telpas (telpas_numurs, prezentesanas_iespeja, iresanas_iespeja, ietilpigums, pasakumu_iespeja, darba_vietu_skaits, darbinieku_izmantosanas_iespeja, nodalas_nosaukums) VALUES 
	(101, 1, 0, 0, 1, 25, 0, 'Datorikas nodaļa'),
	(102, 1, 0, 0, 1, 25, 1, 'Datorikas nodaļa'),
	(103, 1, 0, 0, 1, 30,0, 'Mākslīgā intelekta nodaļa'),
	(104, 1, 0, 0, 0, 25,1, 'Mākslīgā intelekta nodaļa'),
	(105, 1, 0, 0, 1, 20,1, 'Drošības nodaļa'),
	(106, 1, 0, 0, 1, 25,1, 'Sistēmu pārvaldības nodaļa'),
	(107, 1, 0, 0, 1, 30,1, 'Tīmekļa tehnoloģiju nodaļa'),
	(108, 1, 0, 0, 0, 25,1, 'Tīmekļa tehnoloģiju nodaļa'),
	(109, 1, 0, 0, 1, 6,0, 'Mobilās lietotņu nodaļa'),
	(110, 1, 0, 1, 0, 4,0, 'Mobilās lietotņu nodaļa'),
	(201, 1, 0, 1, 0, 8,0, 'Datu analīzes nodaļa'),
	(202, 1, 0, 1, 1, 8,0, 'Programmatūras inženierijas nodaļa'),
	(203, 1, 1, 1, 1, 10,0, 'E-pakalpojumu nodaļa'),
	(204, 1, 0, 1, 1, 6,1, 'E-pakalpojumu nodaļa'),
	(205, 1, 0, 1, 1, 8,1, 'Infrastruktūras nodaļa'),
	(206, 1, 1, 1, 0, 12,1, 'Telekomunikāciju nodaļa'),
	(207, 1, 0, 1, 0, 6,1, 'Telekomunikāciju nodaļa'),
	(208, 1, 1, 1, 1, 10,1, 'Lietotņu nodaļa'),
	(209, 1, 0, 1, 1, 6,1, 'Grafiskās lietojumprogrammas nodaļa'),
	(210, 1, 0, 1, 0, 8,1, 'Mājaslapu izstrādes nodaļa'),
	(301, 1, 0, 1, 1, 8,1, 'E-komercijas nodaļa'),
	(302, 1, 0, 1, 0, 10,1, 'Biznesa sistēmu nodaļa'),
	(303, 1, 0, 1, 1, 6,1, 'IT konsultāciju nodaļa'),
	(304, 1, 1, 1, 1, 8,0, 'Datubāzu pārvaldības nodaļa'),
	(305, 1, 1, 1, 0, 12,0, 'Lietotāju atbalsta nodaļa'),
	(306, 1, 0, 1, 1, 8,0, 'Produkta izstrādes nodaļa'),
	(307, 1, 1, 1, 0, 10,0, 'Lietotāja pieredzes nodaļa'),
	(308, 1, 0, 1, 1, 12,0, 'Mācību kursu nodaļa'),
	(309, 1, 1, 1, 1, 10,0, 'Projektu vadības nodaļa'),
	(310, 1, 1, 1, 1, 10,0, 'Projektu vadības nodaļa'),
	(401, 1, 1, 1, 1, 10,0, 'Programmēšanas nodaļa'),
	(402, 1, 1, 1, 1, 10,0, 'Programmēšanas nodaļa'),
	(403, 1, 1, 1, 1, 10,0, 'Finanšu lietojumprogrammu nodaļa'),
	(404, 1, 1, 1, 1, 10,1, 'Pieņemšanas nodaļa'),
	(405, 1, 1, 1, 1, 10,0, 'Pieņemšanas nodaļa'),
	(406, 1, 1, 0, 1, 10,1, 'Saturu pārvaldības nodaļa'),
	(407, 0, 1, 0, 0, 5,1, 'Saturu pārvaldības nodaļa'),
	(408, 1, 1, 1, 1, 12,1, 'Sistēmu integrācijas nodaļa'),
	(409, 1, 1, 1, 1, 8,1, 'Interneta mārketinga nodaļa'),
	(410, 1, 1, 1, 1, 10,1, 'Interneta mārketinga nodaļa'),
	(501, 1, 1, 0, 0, 5,1, 'Dataprotekcijas nodaļa'),
	(502, 1, 1, 1, 0, 10,1, 'Mācību programmu nodaļa'),
	(503, 0, 1, 0, 0, 5,1, 'Mācību programmu nodaļa'),
	(504, 1, 1, 0, 1, 8,1, 'Mācību programmu nodaļa'),
	(505, 1, 1, 1, 0, 10,1, 'Programmu uzstādīšanas un konfigurēšanas nodaļa');

INSERT INTO telpas_ires_cenas (telpas_numurs, telpas_ires_cena) VALUES
	(203, 7.50),
	(206, 12.75),
	(208, 9.80),
	(304, 10.20),
	(305, 7.60),
	(307, 8.40),
	(309, 6.90),
	(310, 14.30),
	(401, 12.10),
	(402, 7.20),
	(403, 9.50),
	(404, 15.60),
	(405, 6.70),
	(406, 11.80),
	(407, 10.00),
	(408, 7.90),
	(409, 16.20),
	(410, 18.00),
	(501, 6.50),
	(502, 8.70),
	(503, 14.50),
	(504, 11.10);

INSERT INTO viesi (vards, uzvards, epasts, konta_parole, telefona_numurs) VALUES 
	('Anna', 'Berzina', 'anna.berzina@example.com', 'f847c10c1d92b7d160f878ab2948365c3959f42af886f83d1d60a1f03cfad0f4', '29292929'),
	('Janis', 'Liepa', 'janis.liepa@example.com', 'a46494f37e84797f341df429d44a2846f9f6abf2316b73d55b2771052b8aa6f2', '20202020'),
	('Laura', 'Ozolina', 'laura.ozolina@example.com', '1c44ee92f7c027b04974e6dbd5ca5e5a85a5b48d1d5e893cf012a8b6804c4d4e', '25252525'),
	('Miks', 'Kalnins', 'miks.kalnins@example.com', 'c55685329e4b3bf4c2f8cf0c9e637d29b24e05b4161d87fbfc50ea277f545dbf', '21313131'),
	('Kristine', 'Dzene', 'kristine.dzene@example.com', 'e6d0d6e1bb95187baae4711c2ee133d3d3cbdf9575908af42f431ec05f069b85', '18181818'),
	('Andris', 'Vilks', 'andris.vilks@example.com', '44dfc7dceeeb31d1cf17c662a80a8eb8d54027d9e85ee38a166e1d49de8c7df5', '21212121'),
	('Guna', 'Jansone', 'guna.jansone@example.com', '0cf30da28c1e52b017f24dfbe84e6d2c6bc9a6e36e6f39dd6dfe042c4ab4e1fa', '23232323'),
	('Edgars', 'Cirulis', 'edgars.cirulis@example.com', '7d0a22ef2b7e505e46d1d0f9b3f0e9733c6d2668d782c0ff0b2f47c1e0a2b9e9', '26262626'),
	('Sandra', 'Saulite', 'sandra.saulite@example.com', 'f53d5c434a5a5a5f5dd91a2edc2d066b63404e7e84a9b5488dcb9f7776622f7', '30303030'),
	('Kaspars', 'Zarins', 'kaspars.zarins@example.com', '52a5b5f5b70d0b40f5b5e91867ebc238108e8f36ee9d9df2bfebc86eb1de8b77', '22222222'),
	('Anna', 'Kalniņa', 'anna.kalnina@example.com', '128a452ca89f85f25c9fc15e37f1ab26', '26488755'),
	('Liene', 'Ozoliņa', 'liene.ozolina@example.com', '5eb63bbbe01eeed093cb22bb8f5acdc3', '20256389'),
	('Juris', 'Bērziņš', 'juris.berzins@example.com', '81dc9bdb52d04dc20036dbd8313ed055', '26547896'),
	('Gunta', 'Līduma', 'gunta.liduma@example.com', '8cb2237d0679ca88db6464eac60da963', '29587456'),
	('Jāzeps', 'Liepiņš', 'jazeps.liepins@example.com', 'fe01ce2a7fbac8fafaed7c982a04e229', '29585674'),
	('Elīza', 'Briede', 'eliza.briede@example.com', '03c7c0ace395d80182db07ae2c30f034', '25369874'),
	('Mārtiņš', 'Cīrulis', 'martins.cirulis@example.com', '6eea9b7ef19179a06954edd0f6c05ceb', '25698451'),
	('Ilze', 'Dārznieka', 'ilze.darznieka@example.com', 'd98e8f00ee35eb7b6c5d6cb7c04ba59e', '29485632'),
	('Kaspars', 'Osis', 'kaspars.osis@example.com', 'a906449d5769fa7361d7ecc6aa3f6d28', '26548799'),
	('Inga', 'Riekstiņa', 'inga.riekstina@example.com', 'c8837b23ff8aaa8a2dde915473ce0991', '20236541'),
	('Aivars', 'Bajārs', 'aivars.bajars@example.com', '2b5f87c8a1776b5d03da9b944ae04544', '22469874'),
	('Dace', 'Kalniņa', 'dace.kalnina@example.com', 'c20ad4d76fe97759aa27a0c99bff6710', '29108642'),
	('Valdis', 'Vītols', 'valdis.vitols@example.com', 'e2ef524fbf4b4e4c051e4448fe7d670c', '25698472'),
	('Anete', 'Kļaviņa', 'anete.klavina@example.com', '6c8349cc7260ae62e3b1396831a8398f', '20254261'),
	('Edgars', 'Zariņš', 'edgars.zarins@example.com', '1b6453892473a467d07372d45eb05abc', '26548763'),
	('Maija', 'Liepiņa', 'maija.liepina@gmail.com', '5f4dcc3b5aa765d61d8327deb882cf99', '26637285'),
	('Jānis', 'Bērziņš', 'janis.berzins@gmail.com', '098f6bcd4621d373cade4e832627b4f6', '26923571'),
	('Laura', 'Ozoliņa', 'laura.ozolina@gmail.com', '1a1dc91c907325c69271ddf0c944bc72', '29789123'),
	('Pēteris', 'Kalniņš', 'peteris.kalnins@gmail.com', 'd3d9446802a44259755d38e6d163e820', '28374652'),
	('Dana', 'Riekstiņa', 'dana.riekstina@gmail.com', 'c81e728d9d4c2f636f067f89cc14862c', '26618935'),
	('Mārtiņš', 'Saulītis', 'martins.saulitis@gmail.com', 'eccbc87e4b5ce2fe28308fd9f2a7baf3', '27783519'),
	('Anita', 'Lapuķe', 'anita.lapuke@gmail.com', 'a87ff679a2f3e71d9181a67b7542122c', '29537618');

INSERT INTO vizites_pieteikuma_stavokli (stavokla_kods, stavoklis) VALUES
	(1, 'Iesniegts'),
	(2, 'Apstiprināts'),
	(3, 'Atcelts'),
	(4, 'Pārcelts'),
	(5, 'Nokavēts'),
	(6, 'Gaida'),
	(7, 'Pabeigts'),
	(8, 'Atteikts');

INSERT INTO vizites_pieteikumi (merkis, sakuma_laiks, beigu_laiks, stavokla_kods, viesa_id, darbinieka_id) VALUES 
	('Klienta tikšanās', '2023-06-05 09:00:00', '2023-06-05 09:30:00', 7, 4002, 1032),
	('Pārrunas ar klientu', '2023-06-05 10:00:00', '2023-06-05 11:00:00', 3, 4011, 1001),
	('Rādījuma apskate', '2023-06-05 12:00:00', '2023-06-05 13:00:00', 4, 4009, 1028),
	('Produkta demonstrācija', '2023-06-05 13:30:00', '2023-06-05 14:30:00', 4, 4005, 1015),
	('Darba intervija', '2023-06-05 15:00:00', '2023-06-05 15:30:00', 7, 4004, 1033),
	('Konsultācijas', '2023-06-05 16:00:00', '2023-06-05 17:00:00', 7, 4021, 1011),
	('Sanāksme ar komandu', '2023-06-05 10:30:00', '2023-06-05 12:00:00',3, 4016, 1006),
	('Diskusijas par projektu', '2023-06-05 14:00:00', '2023-06-05 15:00:00', 5, 4010, 1019),
	('Klientu tikšanās', '2023-06-06 09:00:00', '2023-06-06 10:00:00', 1, 4003, 1014),
	('Sapulce', '2023-06-06 11:00:00', '2023-06-06 12:00:00', 2, 4005, 1034),
	('Prezentācija', '2023-06-06 13:00:00', '2023-06-06 15:00:00', 2, 4009, 1015),
	('Sapulce', '2023-06-06 16:00:00', '2023-06-06 17:00:00', 1, 4012, 1022),
	('Klientu tikšanās', '2023-06-07 10:00:00', '2023-06-07 11:00:00', 2, 4002, 1028),
	('Prezentācija', '2023-06-07 12:00:00', '2023-06-07 14:00:00', 2, 4006, 1031),
	('Sapulce', '2023-06-07 15:00:00', '2023-06-07 16:00:00', 1, 4015, 1023),
	('Klientu tikšanās', '2023-06-07 17:00:00', '2023-06-07 18:00:00', 1, 4004, 1015),
	('Iepazīšanās', '2023-06-09 10:00:00', '2023-06-09 11:00:00', 2, 4002, 1010),
	('Prezentācija', '2023-06-09 13:00:00', '2023-06-09 15:00:00', 1, 4003, 1011),
	('Konsultācijas', '2023-06-09 16:00:00', '2023-06-09 17:00:00', 3, 4005, 1013),
	('Iepazīšanās', '2023-06-10 09:00:00', '2023-06-10 10:00:00', 2, 4006, 1014),
	('Konsultācijas', '2023-06-10 11:00:00', '2023-06-10 12:00:00', 1, 4007, 1015),
	('Prezentācija', '2023-06-10 14:00:00', '2023-06-10 16:00:00', 2, 4009, 1019),
	('Iepazīšanās', '2023-06-11 10:00:00', '2023-06-11 11:00:00', 2, 4010, 1022),
	('Konsultācijas', '2023-06-11 12:00:00', '2023-06-11 13:00:00', 2, 4011, 1023),
	('Iepazīšanās', '2023-06-11 14:00:00', '2023-06-11 15:00:00', 1, 4013, 1026),
	('Konsultācijas', '2023-06-12 11:00:00', '2023-06-12 12:00:00', 2, 4014, 1028),
	('Prezentācija', '2023-06-12 13:00:00', '2023-06-12 15:00:00', 2, 4016, 1030),
	('Iepazīšanās', '2023-06-13 10:00:00', '2023-06-13 11:00:00', 2, 4017, 1031),
	('Konsultācijas', '2023-06-13 12:00:00', '2023-06-13 13:00:00', 1, 4018, 1032),
	('Prezentācija', '2023-06-13 14:00:00', '2023-06-13 16:00:00', 2, 4020, 1034),
	('Apkalpošana', '2023-06-11 09:00:00', '2023-06-11 10:00:00', 2, 4001, 1032),
	('Sanāksme', '2023-06-11 14:00:00', '2023-06-11 15:30:00', 1, 4002, 1022),
	('Konsultācija', '2023-06-11 16:00:00', '2023-06-11 17:00:00', 1, 4003, 1033),
	('Tūrisms', '2023-06-12 10:00:00', '2023-06-12 11:00:00', 2, 4004, 1015);

INSERT INTO telpas_ires_pieteikuma_stavokli (stavokla_kods, stavoklis) VALUES
	(1, 'Iesniegts'),
	(2, 'Apstiprināts'),
	(3, 'Atcelts'),
	(4, 'Pārceļšana'),
	(5, 'Nokavēts'),
	(6, 'Gaida'),
	(7, 'Pabeigts'),
	(8, 'Atteikts');

INSERT INTO telpas_ires_pieteikumi (merkis, sakuma_laiks, beigu_laiks, stavokla_kods, viesa_id, telpas_numurs) VALUES
	('Koleģu tikšanās', '2023-06-05 09:00:00', '2023-06-05 10:30:00', 2, 4009, 203),
	('Komandas sapulce', '2023-06-05 11:00:00', '2023-06-05 12:30:00', 2, 4023,206),
	('Konferences zvans', '2023-06-05 13:00:00', '2023-06-05 14:30:00', 1, 4015, 208),
	('Darba sesija', '2023-06-06 15:00:00', '2023-06-06 17:00:00', 1, 4013, 304),
	('Apmācību sesija', '2023-06-06 09:30:00', '2023-06-06 11:30:00', 7, 4025, 305),
	('Projekta pārskats', '2023-06-06 13:30:00', '2023-06-06 14:30:00', 4, 4010, 305),
	('Darba intervija', '2023-06-06 15:30:00', '2023-06-06 16:30:00', 2, 4000, 408),
	('Prezentācija', '2023-06-06 11:30:00', '2023-06-06 12:30:00', 3, 4022, 406),
	('Projekta sanāksme', '2023-06-07 09:00:00', '2023-06-07 10:30:00', 2, 4023, 407),
	('Klientu prezentācija', '2023-06-07 11:00:00', '2023-06-07 12:30:00', 2, 4024, 410),
	('Komandas domāšanas pasākums', '2023-06-07 14:00:00', '2023-06-07 15:30:00', 2, 4025, 409),
	('Piegādātāja sarunas', '2023-06-07 16:00:00', '2023-06-07 17:00:00', 2, 4026, 504),
	('Apmācību sesija', '2023-06-07 10:00:00', '2023-06-07 12:00:00', 3, 4026, 409),
	('Produkta demonstrācija', '2023-06-07 13:00:00', '2023-06-07 14:30:00', 4, 4027, 208),
	('Darba intervija', '2023-06-07 15:00:00', '2023-06-07 16:00:00', 4, 4028, 203),
	('Konferences zvans', '2023-06-07 17:30:00', '2023-06-07 19:00:00', 6, 4029, 204),
	('Sanāksme', '2023-06-07 09:00:00', '2023-06-07 10:00:00', 1, 4002, 206),
	('Prezentācija', '2023-06-08 11:00:00', '2023-06-08 12:00:00', 1, 4011, 203),
	('Intervija', '2023-06-08 14:00:00', '2023-06-08 15:00:00', 2, 4009, 406),
	('Apmācība', '2023-06-08 16:00:00', '2023-06-08 18:00:00', 4, 4014, 310),
	('Konference', '2023-06-08 10:30:00', '2023-06-08 12:00:00', 4, 4000, 206),
	('Darbnīca', '2023-06-08 13:00:00', '2023-06-08 15:00:00', 5, 4015, 208),
	('Komandas sanāksme', '2023-06-09 16:30:00', '2023-06-09 18:00:00', 7, 4005, 408),
	('Produkta ieviešana', '2023-06-09 09:30:00', '2023-06-09 11:00:00', 7, 4012, 409),
	('Sanāksme ar klientiem', '2023-06-09 10:00:00', '2023-06-09 11:30:00', 2, 4006, 502),
	('Komandas celšanas pasākums', '2023-06-09 12:00:00', '2023-06-09 14:00:00', 1, 4012, 503),
	('Apmācību sesija', '2023-06-10 15:00:00', '2023-06-10 17:00:00', 1, 4011, 504),
	('Intervijas', '2023-06-10 10:30:00', '2023-06-10 12:30:00', 2, 4005, 503),
	('Sanāksme ar klientiem', '2023-06-10 10:00:00', '2023-06-10 11:30:00', 2, 4006, 203),
	('Komandas celšanas pasākums', '2023-06-11 12:00:00', '2023-06-11 14:00:00', 1, 4012, 208),
	('Mācību sesija', '2023-06-11 15:00:00', '2023-06-11 17:00:00', 1, 4011, 305),
	('Intervijas', '2023-06-11 10:30:00', '2023-06-11 12:30:00', 2, 4005, 405);

INSERT INTO telpu_atsauksmes (telpas_ires_pieteikuma_numurs, teksts, vertejums, viesa_id) VALUES
	(6000, 'Man patika telpas iekārtojums, bet bija pārāk auksts.', 3, 4023),
	(6002, 'Ļoti patika, ka telpā bija daudz dabiskās gaismas.', 4, 4015),
	(6003, 'Neesmu īpaši apmierināts ar telpas tīrību.', 2, 4013),
	(6004, 'Superīga telpa ar lielisku skatu!', 5, 4025),
	(6005, 'Telpa bija ļoti siltā un patīkama.', 4, 4010),
	(6006, 'Tīra un kārtīga telpa ar visām nepieciešamajām ērtībām.', 5, 4000),
	(6007, 'Bija pārsteigums, ka telpa ir tik plaša!', 4, 4022),
	(6008, 'Man patika telpas iekārtojums, bet bija pārāk trokšņaina.', 3, 4023),
	(6009, 'Telpa atbilda manām cerībām un bija ļoti patīkama.', 5, 4024),
	(6010, 'Man ļoti patika telpas skats uz dārzu.', 4, 4025),
	(6012, 'Telpa bija pārāk maza manai gaumei.', 3, 4026),
	(6013, 'Telpa bija ļoti skaista un patīkama.', 4, 4027),
	(6014, 'Man nepatika telpas atrašanās vieta.', 2, 4028),
	(6016, 'Man nepatika telpas smarža.', 2, 4002),
	(6017, 'Telpa bija ļoti kopta un sakopta.', 5, 4011),
	(6018, 'Neesmu apmierināts ar telpas ērtībām.', 3, 4009),
	(6019, 'Man patika, ka telpā bija daudz dabiskās gaismas.', 4, 4014),
	(6020, 'Telpa bija pārāk tumša manai gaumei.', 3, 4000),
	(6021, 'Telpa bija ļoti tīra un kārtīga. Ļoti patika!', 5, 4009),
	(6022, 'Ļoti patika telpa, bija ļoti tīra un ērta', 5, 4015),
	(6023, 'Esam ļoti apmierināti ar šo telpu, noteikti atgriezīsimies', 4, 4012),
	(6024, 'Telpa bija pārsteidzoši skaista, ļoti mājīga un komfortabla', 5, 4005),
	(6025, 'Lielisks uzturēšanās laiks, kas vēl vairāk uzlaboja jau tā lielisko telpu', 4, 4011),
	(6026, 'Skaista un gaumīga telpa, kuru noteikti iesakām citiem viesiem', 5, 4012),
	(6027, 'Esam bijuši daudzās viesnīcās, bet šī telpa ir viena no labākajām', 5, 4006),
	(6028, 'Nekādu sūdzību nav, telpa atbilda mūsu prasībām un vēlmēm', 4, 4011),
	(6029, 'Paldies par jauko uzturēšanās vietu, esam ļoti apmierināti', 5, 4005),
	(6030, 'Telpa bija tīra un kārtīga, nekas netrūka', 4, 4006),
	(6031, 'Patīkama telpa, kura nodrošina atpūtu pēc garas dienas', 4, 4012);

INSERT INTO rekina_stavokli (stavokla_kods, stavoklis) VALUES
	(1, 'Izsniegts'),
	(2, 'Samaksāts'),
	(3, 'Atliks'),
	(4, 'Noraidīts'),
	(5, 'Sagatavojas'),
	(6, 'Apstiprināts'),
	(7, 'Stornēts');

INSERT INTO rekini (telpas_ires_pieteikuma_numurs, summa_bez_pvn, stavokla_kods) VALUES 
	(6000, 7.5, 6),
	(6001, 12.75, 6),
	(6002, 9.8, 6),
	(6003, 20.4, 2),
	(6004, 15.2, 2),
	(6005, 7.6, 6),
	(6006, 7.9, 6),
	(6007, 11.8, 2),
	(6008, 10, 1),
	(6009, 18, 1),
	(6010, 16.2, 1),
	(6011, 11.1, 2),
	(6012, 32.4, 2),
	(6013, 9.8, 6),
	(6014, 7.5, 6),
	(6016, 12.75, 2),
	(6017, 7.5, 1),
	(6018, 11.8, 1),
	(6019, 28.6, 5),
	(6020, 25.5, 2),
	(6021, 19.6, 2),
	(6022, 15.8, 6),
	(6023, 32.4, 2),
	(6024, 8.7, 6),
	(6025, 29, 2),
	(6026, 22.2, 5),
	(6027, 29, 4),
	(6028, 7.5, 2),
	(6029, 19.6, 5),
	(6030, 15.2, 1),
	(6031, 13.4, 1);


INSERT INTO maksajuma_stavokli (stavokla_kods, stavoklis) VALUES
	(1, 'Saņemts'),
	(2, 'Pārskaitīts'),
	(3, 'Izziņots'),
	(4, 'Noraidīts'),
	(5, 'Atcelts'),
	(6, 'Samaksāts'),
	(7, 'Nepabeigts'),
	(8, 'Kavēts');

INSERT INTO maksajumi (bankas_konts, izpildijuma_laiks, maksatajs, summa, stavokla_kods, rekina_numurs) VALUES 
	('LV64ZABA0000867533092', '2023-05-11 13:00:00', 'Ansis Bērziņš', 9.075, 5, 7000),
	('LV64ZABA0000867533092', '2023-05-11 13:15:00', 'Ansis Bērziņš', 9.075, 1, 7000),
	('LV05HABA0551009216978', '2023-05-11 13:10:00', 'Anna Ozola', 15.4275, 5, 7001),
	('LV05HABA0551009216978', '2023-05-11 13:15:00', 'Anna Ozola', 15.4275, 2, 7001),
	('LV97NDEA0000080044555', '2023-05-11 13:30:00', 'Mārtiņš Bērziņš', 11.858, 3, 7002),
	('LV57RIKO0000083464321', '2023-05-11 13:45:00', 'Līga Kalniņa', 24.684, 4, 7003),
	('LV33RIKO0000089123456', '2023-05-11 14:00:00', 'Juris Bērziņš', 18.392, 5, 7004),
	('LV69RIKO0000088888888', '2023-05-11 14:15:00', 'Māra Ozola', 9.196, 6, 7005),
	('LV63HABA0551010021456', '2023-05-11 14:30:00', 'Jānis Bērziņš', 9.559, 7, 7006),
	('LV63HABA0551010021456', '2023-05-11 14:30:00', 'Jānis Bērziņš', 9.559, 1, 7006),
	('LV89ZABA0000001234567', '2023-05-11 14:45:00', 'Anna Bērziņa', 14.278, 8, 7007),
	('LV94RIKO0000089123456', '2023-05-11 15:00:00', 'Andris Ozols', 12.1, 1, 7008),
	('LV77ZABA0000123456789', '2023-05-11 15:15:00', 'Līga Bērziņa', 21.78, 2, 7009),
	('LV45RIKO0000088888888', '2023-05-11 15:30:00', 'Gundars Bērziņš', 19.602, 3, 7010),
	('LV16HABA0551010021456', '2023-05-11 15:45:00', 'Inese Ozola', 13.431, 4, 7011),
	('LV98NDEA0000080044555', '2023-05-11 16:00:00', 'Jāzeps Bērziņš', 39.204, 5, 7012),
	('LV50RIKO0000089123456', '2023-05-11 16:15:00', 'Dace Ozola', 11.858, 6, 7013),
	('LV91ZPBS0007654321567', '2023-05-11 16:20:00', 'Andris Liepa', 9.075, 2, 7014),
	('LV76VVKJ0009876543210', '2023-05-11 16:25:00', 'Liene Bērziņa', 15.4275, 3, 7015),
	('LV62SKBK0001234567890', '2023-05-11 16:30:00', 'Gints Berzins', 9.075, 1, 7016),
	('LV57HABA0001000000111', '2023-05-11 16:35:00', 'Inga Kalniņa', 14.278, 8, 7017),
	('LV59NDEA0000087654321', '2023-05-11 16:40:00', 'Mārtiņš Ozols', 34.606, 5, 7018),
	('LV95ZPBS0007654321567', '2023-05-11 16:50:00', 'Artūrs Sīlis', 23.716, 3, 7020),
	('LV80VVKJ0009876543210', '2023-05-11 16:55:00', 'Zane Priede', 19.118, 1, 7021),
	('LV67SKBK0001234567890', '2023-05-11 17:00:00', 'Andris Bērziņš', 39.204, 8, 7022),
	('LV51HABA0001000000111', '2023-05-11 17:05:00', 'Liene Zīberga', 10.527, 5, 7023),
	('LV79NDEA0000087654321', '2023-05-11 17:10:00', 'Valdis Bērziņš', 35.09, 6, 7024),
	('LV83RIKO0000089123456', '2023-05-11 17:15:00', 'Inese Zvaigzne', 26.862, 4, 7025),
	('LV83RIKO0000089123456', '2023-05-11 17:15:00', 'Inese Zvaigzne', 26.862, 1, 7025),
	('LV70VVKJ0009876543210', '2023-05-11 17:25:00', 'Jāzeps Dreimanis', 9.075, 4, 7027),
	('LV33RIKO0000089123456', '2023-05-11 18:30:00', 'Aija Bērziņa', 35.09, 7, 7028),
	('LV22VVKJ0009876543210', '2023-05-11 20:00:00', 'Elza Dambīte', 23.716, 5, 7030);

INSERT INTO telpas_izmantosanas_pieteikuma_stavokli (stavokla_kods, stavoklis) VALUES (1, 'Izveidots'),
       (2, 'Iesniegts'),
       (3, 'Noraidīts'),
       (4, 'Atcelts'),
       (5, 'Apstiprināts'),
       (6, 'Gaida apstiprinājumu'),
       (7, 'Pabeigts');

INSERT INTO telpas_izmantosanas_pieteikumi (merkis, sakuma_laiks, beigu_laiks, stavokla_kods, darbinieka_id, telpas_numurs) VALUES 
	('Mācību nodarbība', '2023-06-05 10:00:00', '2023-06-05 12:00:00', 1, 1000, 102),
	('Sanāksme', '2023-06-05 14:00:00', '2023-06-05 16:00:00', 1, 1001, 106),
	('Pārrunas ar klientu', '2023-06-06 09:00:00', '2023-06-06 11:00:00', 2, 1002, 208),
	('Mācību nodarbība', '2023-06-06 14:00:00', '2023-06-06 16:00:00', 2, 1003, 302),
	('Sanāksme', '2023-06-07 10:00:00', '2023-06-07 12:00:00', 2, 1004, 405),
	('Darba intervija', '2023-06-07 14:00:00', '2023-06-07 15:00:00', 3, 1006, 209),
	('Mācību nodarbība', '2023-06-08 09:00:00', '2023-06-08 11:00:00', 3, 1009, 105),
	('Pārrunas ar klientu', '2023-06-08 13:00:00', '2023-06-08 15:00:00', 3, 1010, 406),
	('Sanāksme', '2023-06-09 10:00:00', '2023-06-09 12:00:00', 1, 1011, 503),
	('Darba intervija', '2023-06-09 14:00:00', '2023-06-09 15:00:00', 1, 1012, 108),
	('Mācību nodarbība', '2023-06-10 09:00:00', '2023-06-10 11:00:00', 4, 1013, 209),
	('Sanāksme', '2023-06-10 14:00:00', '2023-06-10 16:00:00', 4, 1014, 407),
	('Pārrunas ar klientu', '2023-06-11 10:00:00', '2023-06-11 12:00:00', 5, 1015, 210),
	('Darba intervija', '2023-06-11 14:00:00', '2023-06-11 15:00:00', 5, 1019, 106),
	('Mācību nodarbība', '2023-06-12 09:00:00', '2023-06-12 11:00:00', 5, 1022, 302),
	('Sapulce', '2023-06-12 14:00:00', '2023-06-12 16:00:00', 1, 1009, 408),
	('Sapulce', '2023-06-12 15:00:00', '2023-06-12 17:00:00', 1, 1010, 107),
	('Mācību nodarbība', '2023-06-12 16:00:00', '2023-06-12 18:00:00', 1, 1012, 301),
	('Mācību nodarbība', '2023-06-12 17:00:00', '2023-06-12 19:00:00', 1, 1014, 208),
	('Sapulce', '2023-06-12 18:00:00', '2023-06-12 20:00:00', 1, 1015, 405),
	('Sapulce', '2023-06-12 19:00:00', '2023-06-12 21:00:00', 1, 1019, 106),
	('Mācību nodarbība', '2023-06-12 20:00:00', '2023-06-12 22:00:00', 1, 1023, 501),
	('Mācību nodarbība', '2023-06-12 21:00:00', '2023-06-12 23:00:00', 1, 1026, 405),
	('Sapulce', '2023-06-12 22:00:00', '2023-06-12 23:59:59', 1, 1033, 205),
	('Sapulce', '2023-06-06 08:00:00', '2023-06-06 10:00:00', 2, 1001, 302),
	('Mācību nodarbība', '2023-06-06 10:00:00', '2023-06-06 12:00:00', 2, 1002, 408),
	('Sapulce', '2023-06-06 11:00:00', '2023-06-06 13:00:00', 2, 1003, 106),
	('Mācību nodarbība', '2023-06-06 12:00:00', '2023-06-06 14:00:00', 2, 1004, 209),
	('Sapulce', '2023-06-06 13:00:00', '2023-06-06 15:00:00', 2, 1006, 504),
	('Mācību nodarbība', '2023-06-06 14:00:00', '2023-06-06 16:00:00', 2, 1009, 407),
	('Atvaļinājums', '2023-06-07 08:00:00', '2023-06-07 16:00:00', 1, 1004, 504),
	('Sapulce', '2023-06-08 10:00:00', '2023-06-08 11:00:00', 5, 1015, 205),
	('Datora nodarbība', '2023-06-10 14:00:00', '2023-06-10 16:00:00', 7, 1034, 210),
	('Sapulce', '2023-06-11 15:00:00', '2023-06-11 16:00:00', 2, 1012, 104);


INSERT INTO pasakuma_stavokli (stavokla_kods, stavoklis)
VALUES 
	(1, 'Iesniegts'),
	(2, 'Apstiprināts'),
	(3, 'Noraidīts'),
	(4, 'Atcelts'),
	(5, 'Notikusi'),
	(6, 'Pārcelts'),
	(7, 'Gaida apstiprinājumu');


INSERT INTO pasakumi (pasakuma_nosaukums, sakuma_laiks, beigu_laiks, stavokla_kods, telpas_numurs) VALUES
	('IT projektu vadība', '2023-06-05 09:00:00', '2023-06-05 17:00:00', 2, 101),
	('Programmēšanas pamatkursi', '2023-06-05 10:00:00', '2023-06-05 16:00:00', 5, 102),
	('Mārketinga stratēģijas', '2023-06-05 11:00:00', '2023-06-05 13:00:00', 5, 103),
	('Datoru tīklu uzturēšana', '2023-06-06 09:00:00', '2023-06-06 17:00:00', 2, 105),
	('Jauno tehnoloģiju ieviešana', '2023-06-06 10:00:00', '2023-06-06 12:00:00', 5, 106),
	('Lietotņu izstrāde', '2023-06-06 13:00:00', '2023-06-06 15:00:00', 5, 107),
	('Biznesa procesu optimizācija', '2023-06-07 09:00:00', '2023-06-07 12:00:00', 2, 109),
	('Augstskolu sadarbības projekts', '2023-06-07 13:00:00', '2023-06-07 15:00:00', 5, 202),
	('Mājaslapu izstrāde', '2023-06-07 16:00:00', '2023-06-07 18:00:00', 5, 203),
	('Pētniecības un attīstības projekts', '2023-06-08 09:00:00', '2023-06-08 17:00:00', 2, 204),
	('IT infrastruktūras modernizācija', '2023-06-08 10:00:00', '2023-06-08 14:00:00', 5, 205),
	('E-komercijas platformas izstrāde', '2023-06-08 15:00:00', '2023-06-08 18:00:00', 5, 208),
	('Projektu audita pamatkursi', '2023-06-09 09:00:00', '2023-06-09 12:00:00', 2, 209),
	('Mobilās lietotnes izstrāde', '2023-06-09 13:00:00', '2023-06-09 16:00:00', 5, 301),
	('Jauno produktu izstrāde', '2023-06-09 17:00:00', '2023-06-09 19:00:00', 5, 303),
	('Programmētāju konference', '2023-06-11 10:00:00', '2023-06-11 18:00:00', 5, 202),
	('Klientu apkalpošanas kursi', '2023-06-10 14:00:00', '2023-06-10 16:00:00', 5, 102),
	('IT projektu vadības seminārs', '2023-06-10 09:00:00', '2023-06-10 12:00:00', 5, 410),
	('Marketinga stratēģiju konference', '2023-06-07 10:00:00', '2023-06-07 17:00:00', 5, 109),
	('Cloud risinājumu seminārs', '2023-06-07 13:00:00', '2023-06-07 16:00:00', 5, 401),
	('Biznesa analīzes kursi', '2023-06-08 10:00:00', '2023-06-08 12:00:00', 5, 306),
	('Blockchain tehnoloģiju seminārs', '2023-06-08 14:00:00', '2023-06-08 17:00:00', 5, 304),
	('Datu bāzu administrēšanas kursi', '2023-06-09 09:00:00', '2023-06-09 12:00:00', 5, 403),
	('Rūpnieciskās robotikas seminārs', '2023-06-09 14:00:00', '2023-06-09 16:00:00', 5, 408),
	('Interaktīvo mārketinga konference', '2023-06-10 10:00:00', '2023-06-10 16:00:00', 5, 209),
	('Vēstniecību IT drošības seminārs', '2023-06-10 13:00:00', '2023-06-10 16:00:00', 5, 308),
	('Pētniecības metodikas kursi', '2023-06-11 10:00:00', '2023-06-11 12:00:00', 5, 107),
	('Sociālo tīklu mārketinga seminārs', '2023-06-11 14:00:00', '2023-06-11 17:00:00', 5, 205),
	('Gudro pilsētu konference', '2023-06-12 10:00:00', '2023-06-12 16:00:00', 5, 402),
	('Jauno IT uzņēmumu prezentācijas', '2023-06-11 14:00:00', '2023-06-11 17:00:00', 5, 107),
	('Programmēšanas izaicinājumu sacensības', '2023-06-07 12:00:00', '2023-06-07 16:00:00', 5, 209),
	('Mākslīgā intelekta tehnoloģiju seminārs', '2023-06-08 10:00:00', '2023-06-08 12:00:00', 5, 301),
	('Inovatīvo IT risinājumu demonstrācija', '2023-06-11 15:00:00', '2023-06-11 18:00:00', 5, 403),
	('Darba produktivitātes uzlabošanas meistarklase', '2023-06-12 13:00:00', '2023-06-12 16:00:00', 5, 106);


INSERT INTO viesi_pasakumi (viesa_id, sakuma_laiks, pasakuma_nosaukums) VALUES
	(4000, '2023-06-07 13:00:00.000', 'Augstskolu sadarbibas projekts'),
	(4001, '2023-06-07 13:00:00.000', 'Augstskolu sadarbibas projekts'),
	(4003, '2023-06-07 13:00:00.000', 'Augstskolu sadarbibas projekts'),
	(4001, '2023-06-08 10:00:00.000', 'Biznesa analizes kursi'),
	(4002, '2023-06-07 09:00:00.000', 'Biznesa procesu optimizacija'),
	(4003, '2023-06-08 14:00:00.000', 'Blockchain tehnologiju seminars'),
	(4004, '2023-06-08 14:00:00.000', 'Blockchain tehnologiju seminars'),
	(4005, '2023-06-08 14:00:00.000', 'Blockchain tehnologiju seminars'),
	(4004, '2023-06-07 13:00:00.000', 'Cloud risinajumu seminars'),
	(4005, '2023-06-12 13:00:00.000', 'Darba produktivitates uzlabošanas meistarklase'),
	(4006, '2023-06-06 09:00:00.000', 'Datoru tiklu uzturešana'),
	(4007, '2023-06-09 09:00:00.000', 'Datu bazu administrešanas kursi'),
	(4008, '2023-06-09 09:00:00.000', 'Datu bazu administrešanas kursi'),
	(4008, '2023-06-08 15:00:00.000', 'E-komercijas platformas izstrade'),
	(4009, '2023-06-12 10:00:00.000', 'Gudro pilsetu konference'),
	(4010, '2023-06-11 15:00:00.000', 'Inovativo IT risinajumu demonstracija'),
	(4011, '2023-06-10 10:00:00.000', 'Interaktivo marketinga konference'),
	(4012, '2023-06-08 10:00:00.000', 'IT infrastrukturas modernizacija'),
	(4013, '2023-06-08 10:00:00.000', 'IT infrastrukturas modernizacija'),
	(4013, '2023-06-05 09:00:00.000', 'IT projektu vadiba'),
	(4014, '2023-06-10 09:00:00.000', 'IT projektu vadibas seminars'),
	(4015, '2023-06-11 14:00:00.000', 'Jauno IT uznemumu prezentacijas'),
	(4016, '2023-06-09 17:00:00.000', 'Jauno produktu izstrade'),
	(4017, '2023-06-06 10:00:00.000', 'Jauno tehnologiju ieviešana'),
	(4018, '2023-06-06 10:00:00.000', 'Jauno tehnologiju ieviešana'),
	(4018, '2023-06-10 14:00:00.000', 'Klientu apkalpošanas kursi'),
	(4024, '2023-06-06 13:00:00.000', 'Lietotnu izstrade'),
	(4017, '2023-06-06 13:00:00.000', 'Lietotnu izstrade'),
	(4019, '2023-06-06 13:00:00.000', 'Lietotnu izstrade'),
	(4020, '2023-06-07 16:00:00.000', 'Majaslapu izstrade'),
	(4021, '2023-06-08 10:00:00.000', 'Maksliga intelekta tehnologiju seminars'),
	(4022, '2023-06-05 11:00:00.000', 'Marketinga strategijas');

INSERT INTO darbinieki_pasakumi (darbinieka_id, sakuma_laiks, pasakuma_nosaukums) VALUES
	(1000, '2023-06-07 13:00:00.000', 'Augstskolu sadarbibas projekts'),
	(1001, '2023-06-08 10:00:00.000', 'Biznesa analizes kursi'),
	(1002, '2023-06-07 09:00:00.000', 'Biznesa procesu optimizacija'),
	(1003, '2023-06-08 14:00:00.000', 'Blockchain tehnologiju seminars'),
	(1004, '2023-06-07 13:00:00.000', 'Cloud risinajumu seminars'),
	(1006, '2023-06-12 13:00:00.000', 'Darba produktivitates uzlabošanas meistarklase'),
	(1009, '2023-06-06 09:00:00.000', 'Datoru tiklu uzturešana'),
	(1010, '2023-06-09 09:00:00.000', 'Datu bazu administrešanas kursi'),
	(1011, '2023-06-08 15:00:00.000', 'E-komercijas platformas izstrade'),
	(1012, '2023-06-12 10:00:00.000', 'Gudro pilsetu konference'),
	(1013, '2023-06-11 15:00:00.000', 'Inovativo IT risinajumu demonstracija'),
	(1014, '2023-06-10 10:00:00.000', 'Interaktivo marketinga konference'),
	(1015, '2023-06-08 10:00:00.000', 'IT infrastrukturas modernizacija'),
	(1019, '2023-06-05 09:00:00.000', 'IT projektu vadiba'),
	(1022, '2023-06-10 09:00:00.000', 'IT projektu vadibas seminars'),
	(1023, '2023-06-11 14:00:00.000', 'Jauno IT uznemumu prezentacijas'),
	(1026, '2023-06-09 17:00:00.000', 'Jauno produktu izstrade'),
	(1028, '2023-06-06 10:00:00.000', 'Jauno tehnologiju ieviešana'),
	(1030, '2023-06-10 14:00:00.000', 'Klientu apkalpošanas kursi'),
	(1031, '2023-06-06 13:00:00.000', 'Lietotnu izstrade'),
	(1032, '2023-06-07 16:00:00.000', 'Majaslapu izstrade'),
	(1033, '2023-06-07 16:00:00.000', 'Majaslapu izstrade'),
	(1033, '2023-06-08 10:00:00.000', 'Maksliga intelekta tehnologiju seminars'),
	(1033, '2023-06-05 11:00:00.000', 'Marketinga strategijas'),
	(1034, '2023-06-07 10:00:00.000', 'Marketinga strategiju konference'),
	(1034, '2023-06-09 13:00:00.000', 'Mobilas lietotnes izstrade'),
	(1034, '2023-06-11 10:00:00.000', 'Petniecibas metodikas kursi'),
	(1037, '2023-06-08 09:00:00.000', 'Petniecibas un attistibas projekts'),
	(1037, '2023-06-07 12:00:00.000', 'Programmešanas izaicinajumu sacensibas'),
	(1037, '2023-06-05 10:00:00.000', 'Programmešanas pamatkursi'),
	(1038, '2023-06-11 10:00:00.000', 'Programmetaju konference'),
	(1038, '2023-06-09 09:00:00.000', 'Projektu audita pamatkursi'),
	(1038, '2023-06-09 14:00:00.000', 'Rupnieciskas robotikas seminars'),
	(1039, '2023-06-11 14:00:00.000', 'Socialo tiklu marketinga seminars'),
	(1039, '2023-06-10 13:00:00.000', 'Vestniecibu IT drošibas seminars'),
	(1039, '2023-06-07 16:00:00.000', 'Majaslapu izstrade'),
	(1039, '2023-06-08 10:00:00.000', 'Maksliga intelekta tehnologiju seminars'),
	(1039, '2023-06-05 11:00:00.000', 'Marketinga strategijas'),
	(1039, '2023-06-07 10:00:00.000', 'Marketinga strategiju konference'),
	(1041, '2023-06-09 13:00:00.000', 'Mobilas lietotnes izstrade'),
	(1039, '2023-06-11 10:00:00.000', 'Petniecibas metodikas kursi'),
	(1040, '2023-06-08 09:00:00.000', 'Petniecibas un attistibas projekts');
	(1028, '2023-06-11 14:00:00', 'Jauno IT uzņēmumu prezentācijas'),
	(1012, '2023-06-11 14:00:00', 'Jauno IT uzņēmumu prezentācijas'),
	(1023, '2023-06-11 14:00:00', 'Jauno IT uzņēmumu prezentācijas'),
	(1011, '2023-06-11 14:00:00', 'Jauno IT uzņēmumu prezentācijas'),
	(1041, '2023-06-11 14:00:00', 'Jauno IT uzņēmumu prezentācijas'),
	(1006, '2023-06-11 14:00:00', 'Jauno IT uzņēmumu prezentācijas'),
	(1023,'2023-06-07 12:00:00', 'Programmēšanas izaicinājumu sacensības'), 
	(1011,'2023-06-08 10:00:00','Mākslīgā intelekta tehnoloģiju seminārs'), 
	(1029,'2023-06-11 15:00:00','Inovatīvo IT risinājumu demonstrācija'),
	(1008,'2023-06-12 13:00:00','Darba produktivitātes uzlabošanas meistarklase');


INSERT INTO darba_vietas (darba_vietas_numurs, telpas_numurs) VALUES 
	(1, 101), (2, 101), (3, 101), (4, 101), (5, 101),
	(1, 102), (2, 102), (3, 102), (4, 102), (5, 102),
	(1, 103), (2, 103), (3, 103), (4, 103), (5, 103),
	(1, 104), (2, 104), (3, 104), (4, 104), (5, 104),
	(1, 105), (2, 105), (3, 105), (4, 105), (5, 105),
	(1, 106), (2, 106), (3, 106), (4, 106), (5, 106),
	(1, 107), (2, 107), (3, 107), (4, 107), (5, 107),
	(1, 108), (2, 108), (3, 108), (4, 108), (5, 108),
	(1, 109), (2, 109), (3, 109), (4, 109), (5, 109),
	(1, 110), (2, 110), (3, 110), (4, 110), (5, 110),
	(1, 201), (2, 201), (3, 201), (4, 201), (5, 201),
	(1, 202), (2, 202), (3, 202), (4, 202), (5, 202),
	(1, 203), (2, 203), (3, 203), (4, 203), (5, 203),
	(1, 204), (2, 204), (3, 204), (4, 204), (5, 204),
	(1, 205), (2, 205), (3, 205), (4, 205), (5, 205),
	(1, 206), (2, 206), (3, 206), (4, 206), (5, 206),
	(1, 207), (2, 207), (3, 207), (4, 207), (5, 207),
	(1, 208), (2, 208), (3, 208), (4, 208), (5, 208),
	(1, 209), (2, 209), (3, 209), (4, 209), (5, 209),
	(1, 210), (2, 210), (3, 210), (4, 210), (5, 210),
	(1, 301), (2, 301), (3, 301), (4, 301), (5, 301),
	(1, 302), (2, 302), (3, 302), (4, 302), (5, 302),
	(1, 303), (2, 303), (3, 303), (4, 303), (5, 303), 
	(1, 304), (2, 304), (3, 304), (4, 304), (5, 304),
	(1, 305), (2, 305), (3, 305), (4, 305), (5, 305),
	(1, 306), (2, 306), (3, 306), (4, 306), (5, 306),
	(1, 307), (2, 307), (3, 307), (4, 307), (5, 307),
	(1, 308), (2, 308), (3, 308), (4, 308), (5, 308),
	(1, 309), (2, 309), (3, 309), (4, 309), (5, 309),
	(1, 310), (2, 310), (3, 310), (4, 310), (5, 310),
	(1, 401), (2, 401), (3, 401), (4, 401), (5, 401),
	(1, 402), (2, 402), (3, 402), (4, 402), (5, 402),
	(1, 403), (2, 403), (3, 403), (4, 403), (5, 403),
	(1, 404), (2, 404), (3, 404), (4, 404), (5, 404),
	(1, 405), (2, 405), (3, 405), (4, 405), (5, 405),
	(1, 406), (2, 406), (3, 406), (4, 406), (5, 406),
	(1, 407), (2, 407), (3, 407), (4, 407), (5, 407),
	(1, 408), (2, 408), (3, 408), (4, 408), (5, 408),
	(1, 409), (2, 409), (3, 409), (4, 409), (5, 409),
	(1, 410), (2, 410), (3, 410), (4, 410), (5, 410),
	(1, 501), (2, 501), (3, 501), (4, 501), (5, 501),
	(1, 502), (2, 502), (3, 502), (4, 502), (5, 502),
	(1, 503), (2, 503), (3, 503), (4, 503), (5, 503),
	(1, 504), (2, 504), (3, 504), (4, 504), (5, 504),
	(1, 505), (2, 505), (3, 505), (4, 505), (5, 505);


INSERT INTO sakuma_beigu_veidi (veida_kods, veids)
VALUES 
	(1, 'Sākums'),
	(2, 'Beigas'),
	(3, 'Sākums no pārtraukuma'),
	(4, 'Beigas uz pārtraukumu'),
	(5, 'Beigas veselības stāvokļa dēļ'),
	(6, 'Beigas pēc norādījuma'),
	(7, 'Kļūdains');

INSERT INTO darba_sakumi_beigas (registrets, darbinieka_id, darba_vietas_numurs, veida_kods, telpas_numurs)
VALUES 

-- TODO: redo the statuses and times (where it is needed)
-- 1000
('2023-06-05 09:00:00', 1000, 1, 1, 101),
('2023-06-05 12:30:00', 1000, 2, 4, 101),
('2023-06-05 13:00:00', 1000, 1, 3, 102),
('2023-06-05 17:00:00', 1000, 1, 2, 102),
-- 1001
('2023-06-06 08:00:00', 1001, 1, 1, 103),
('2023-06-06 17:30:00', 1001, 2, 2, 103),
-- 1002
('2023-06-06 08:00:00', 1002, 1, 1, 105),
('2023-06-06 09:30:00', 1002, 2, 4, 105),
('2023-06-06 10:00:00', 1002, 1, 3, 105),
('2023-06-06 19:30:00', 1002, 1, 2, 105),
-- 1003
('2023-06-06 08:00:00', 1003, 1, 2, 106),
('2023-06-06 12:30:00', 1003, 2, 5, 106),
-- 1004
('2023-06-06 08:00:00', 1004, 3, 2, 107),
('2023-06-06 09:30:00', 1004, 3, 4, 107),
('2023-06-06 10:30:00', 1004, 3, 3, 107),
('2023-06-06 20:30:00', 1004, 3, 2, 107),
-- 1006
('2023-06-06 08:00:00', 1006, 1, 1, 201),
('2023-06-06 12:30:00', 1006, 2, 4, 201),
('2023-06-06 12:30:00', 1006, 2, 3, 201),
('2023-06-06 17:00:00', 1006, 2, 3, 201),
('2023-06-07 09:30:00', 1006, 1, 1, 201),
('2023-06-07 10:00:00', 1006, 1, 2, 201),
-- 1009
('2023-06-06 08:00:00', 1009, 3, 4, 205),
('2023-06-06 12:30:00', 1009, 3, 4, 205),
('2023-06-07 09:00:00', 1009, 3, 4, 205),
('2023-06-07 09:30:00', 1009, 3, 4, 205),
('2023-06-07 10:00:00', 1009, 3, 4, 205),
('2023-06-07 12:00:00', 1009, 3, 5, 205),
('2023-06-07 12:30:00', 1009, 3, 5, 205),
('2023-06-07 14:00:00', 1009, 3, 1, 205),
-- 1010
('2023-06-07 08:00:00', 1010, 3, 4, 206),
('2023-06-07 13:00:00', 1010, 3, 2, 206),
('2023-06-07 09:00:00', 1010, 3, 3, 206),
('2023-06-07 12:00:00', 1010, 3, 1, 206),
('2023-06-07 14:30:00', 1010, 3, 4, 206),
('2023-06-08 11:00:00', 1010, 3, 2, 207),
('2023-06-08 13:30:00', 1010, 3, 3, 207),
-- 1011
('2023-06-08 08:00:00', 1011, 4, 1, 208),
('2023-06-08 09:30:00', 1011, 4, 4, 208),
('2023-06-08 12:00:00', 1011, 4, 3, 208),
('2023-06-08 14:00:00', 1011, 4, 2, 208),
('2023-06-08 11:00:00', 1011, 4, 4, 208),
('2023-06-08 13:30:00', 1011, 4, 1, 208),
('2023-06-08 15:30:00', 1011, 4, 3, 208),
('2023-06-09 09:00:00', 1011, 4, 2, 208),
('2023-06-09 12:00:00', 1011, 4, 4, 208),
-- 1012
('2023-06-09 08:00:00', 1012, 4, 1, 209),
('2023-06-09 10:30:00', 1012, 4, 4, 209),
('2023-06-09 13:00:00', 1012, 1, 3, 209),
('2023-06-09 13:00:00', 1012, 1, 7, 209),
('2023-06-09 15:00:00', 1012, 1, 4, 209),
-- 1013
('2023-06-09 08:00:00', 1013, 2, 1, 210),
('2023-06-09 13:30:00', 1013, 2, 4, 210),
('2023-06-09 15:30:00', 1013, 2, 3, 210),
('2023-06-09 15:30:00', 1013, 2, 7, 210),
('2023-06-09 17:30:00', 1013, 2, 2, 210),
-- 1014
('2023-06-09 08:00:00', 1014, 1, 1, 310),
('2023-06-09 14:00:00', 1014, 1, 4, 310),
('2023-06-09 14:30:00', 1014, 1, 3, 310),
('2023-06-09 15:30:00', 1014, 1, 6, 310),
('2023-06-09 09:00:00', 1014, 2, 1, 310),
('2023-06-09 10:30:00', 1014, 2, 5, 310),
('2023-06-09 12:00:00', 1014, 2, 1, 310);
